{
  "version": "2021.2",
  "applications": [],
  "platforms": [
    {
      "name": "hdmi_in_wrapper"
    }
  ],
  "systems": [
    {
      "name": "HDMI_IN_system",
      "platform": "C:/FPGA/Zybo-hdmi-in-master/workspace/hdmi_in_wrapper/export/hdmi_in_wrapper/hdmi_in_wrapper.xpfm",
      "sysConfig": "hdmi_in_wrapper",
      "buildConfig": "Debug",
      "applications": [
        {
          "name": "HDMI_IN",
          "platform": "C:/FPGA/Zybo-hdmi-in-master/workspace/hdmi_in_wrapper/export/hdmi_in_wrapper/hdmi_in_wrapper.xpfm",
          "sysConfig": "hdmi_in_wrapper",
          "domain": "standalone_ps7_cortexa9_0",
          "system": "HDMI_IN_system"
        }
      ]
    }
  ],
  "others": []
}